<?xml version="1.0" encoding="UTF-8"?>
<beans xmlns="http://www.springframework.org/schema/beans"
       xmlns:xsi="http://www.w3.org/2001/XMLSchema-instance"
       xmlns:mvc="http://www.springframework.org/schema/mvc"
       xmlns:context="http://www.springframework.org/schema/context"
       xsi:schemaLocation="
http://www.springframework.org/schema/mvc
http://www.springframework.org/schema/mvc/spring-mvc.xsd
http://www.springframework.org/schema/beans
http://www.springframework.org/schema/beans/spring-beans.xsd
http://www.springframework.org/schema/context
http://www.springframework.org/schema/context/spring-context.xsd">
    <mvc:annotation-driven />
    <context:component-scan base-package="com.nendrasys">
    </context:component-scan>
    <context:annotation-config></context:annotation-config>

    <bean id ="passwordEncoder" class = "org.springframework.security.crypto.password.NoOpPasswordEncoder" factory-method = "getInstance" />

    <bean id="studentDaoImpl" class="com.nendrasys.dao.StudentDaoImpl"/>

    <bean id="teacherDaoImpl" class="com.nendrasys.dao.TeacherDaoImpl"/>

    <bean id="userDaoImpl" class="com.nendrasys.dao.UserDaoImpl"/>

    <bean id="userServiceImpl" class="com.nendrasys.service.UserServiceImpl"/>
    <bean class="org.springframework.web.servlet.view.InternalResourceViewResolver">
        <property name="prefix" value="/WEB-INF/pages/"></property>
        <property name="suffix" value=".jsp"></property>
    </bean>
</beans>