<?xml version="1.0" encoding="UTF-8"?>
<b:beans xmlns="http://www.springframework.org/schema/security"
         xmlns:b="http://www.springframework.org/schema/beans"
         xmlns:xsi="http://www.w3.org/2001/XMLSchema-instance" xmlns:beans="http://www.springframework.org/schema/c"
         xsi:schemaLocation="http://www.springframework.org/schema/beans
         http://www.springframework.org/schema/beans/spring-beans.xsd
         http://www.springframework.org/schema/security
         https://www.springframework.org/schema/security/spring-security.xsd">
    <http auto-config="true">
        <intercept-url pattern="/registerTeacher" access="permitAll()"/>
        <intercept-url pattern="/registerStudent" access="permitAll()"/>
        <intercept-url pattern="/homeLogin" access="hasAnyRole('ROLE_STUDENT','ROLE_TEACHER','ROLE_ADMIN')"/>
        <intercept-url pattern="/studentList" access="hasAnyRole('ROLE_STUDENT','ROLE_ADMIN')"/>
        <intercept-url pattern="/updateStudent/{id}" access="hasAnyRole('ROLE_STUDENT','ROLE_ADMIN')"/>
        <intercept-url pattern="/updateStudentData" access="hasAnyRole('ROLE_STUDENT','ROLE_ADMIN')"/>
        <intercept-url pattern="/deleteStudentData/{id}" access="hasAnyRole('ROLE_STUDENT','ROLE_ADMIN')"/>
        <intercept-url pattern="/teacherList" access="hasAnyRole('ROLE_TEACHER','ROLE_ADMIN')"/>
        <intercept-url pattern="/updateTeacher/{id}" access="hasAnyRole('ROLE_TEACHER','ROLE_ADMIN')"/>
        <intercept-url pattern="/updateTeacherData" access="hasAnyRole('ROLE_TEACHER','ROLE_ADMIN')"/>
        <intercept-url pattern="/deleteTeacherData/{id}" access="hasAnyRole('ROLE_TEACHER','ROLE_ADMIN')"/>
        <intercept-url pattern="/usersList" access="hasRole('ROLE_ADMIN')"/>

        <intercept-url pattern="/logout" access="permitAll()"/>
        <form-login authentication-success-handler-ref="successHandler"/>

    </http>
    <authentication-manager>
        <authentication-provider>

                <jdbc-user-service data-source-ref="dataSource"
                                   users-by-username-query="select username, password , enabled from users where username=?"
                                   authorities-by-username-query="select username, userRole from users where username = ?"/>
        </authentication-provider>
    </authentication-manager>

    <b:bean id="dataSource" class="org.springframework.jdbc.datasource.DriverManagerDataSource">
        <b:property name="driverClassName" value="com.mysql.cj.jdbc.Driver"/>
        <b:property name="url" value="jdbc:mysql://localhost:3306/nendrasys"/>
        <b:property name="username" value="root"/>
        <b:property name="password" value="root"/>
    </b:bean>

    <!--    accessing databas through jdbc template-->
    <b:bean id="jdbcTemplate" class="org.springframework.jdbc.core.JdbcTemplate">
        <b:property name="dataSource" ref="dataSource"/>
    </b:bean>
</b:beans>